,CIK,CONAME,FYRMO,FDATE,FORM,SECFNAME,positive_score,negative_score,polarity_score,average_sentence_length,percentage_of_complex_words,fog_index,complex_word_count,word_count,uncertainty_score,constraining_score,positive_word_proportion,negative_word_proportion,uncertainty_word_proportion,constraining_word_proportion,constraining_words_whole_report
0,3662,SUNBEAM CORP/FL/,199803,1998-03-06,10-K405,edgar/data/3662/0000950170-98-000413.txt,1060,2982,-0.4755071745483654,23,0.42520256379247795,9.370081025516992,38676,90959,939,1487,0.011653602172407348,0.03278400158313086,0.010323332490462736,0.016348024934311062,1487
1,3662,SUNBEAM CORP/FL/,199805,1998-05-15,10-Q,edgar/data/3662/0000950170-98-001001.txt,549,1473,-0.45697329354254534,24,0.4359705951461851,9.774388238058474,25976,59582,858,1045,0.009214192205699709,0.0247222315464402,0.014400322244973314,0.01753885401631365,1045
2,3662,SUNBEAM CORP/FL/,199808,1998-08-13,NT 10-Q,edgar/data/3662/0000950172-98-000783.txt,0,8,-0.9999998750000157,25,0.3683168316831683,10.147326732673267,186,505,9,5,0.0,0.015841584158415842,0.01782178217821782,0.009900990099009901,5
3,3662,SUNBEAM CORP/FL/,199811,1998-11-12,10-K/A,edgar/data/3662/0000950170-98-002145.txt,364,1442,-0.5968992244756925,19,0.4464707049769565,7.778588281990783,20247,45349,551,716,0.008026637853094886,0.0317978345718759,0.012150212794107919,0.015788661271472357,716
4,3662,SUNBEAM CORP/FL/,199811,1998-11-16,NT 10-Q,edgar/data/3662/0000950172-98-001203.txt,1,8,-0.7777776913580343,25,0.3485342019543974,10.13941368078176,214,614,10,4,0.0016286644951140066,0.013029315960912053,0.016286644951140065,0.006514657980456026,4
5,3662,SUNBEAM CORP/FL/,199811,1998-11-25,10-Q/A,edgar/data/3662/0000950170-98-002278.txt,44,416,-0.808695650415879,19,0.43594085111186365,7.7743763404447455,3862,8859,179,90,0.004966700530533921,0.046957895925047975,0.020205440794672083,0.01015916017609211,90
6,3662,SUNBEAM CORP/FL/,199812,1998-12-22,10-Q,edgar/data/3662/0000950170-98-002401.txt,123,586,-0.6530324391353562,20,0.41854101314823466,8.167416405259294,6271,14983,279,271,0.008209303877728091,0.0391109924581192,0.018621103917773475,0.018087165454181407,271
7,3662,SUNBEAM CORP/FL/,199812,1998-12-22,10-Q,edgar/data/3662/0000950170-98-002402.txt,60,361,-0.7149643688480657,19,0.43548214094175697,7.774192856376704,4060,9323,201,105,0.006435696664163896,0.03872144159605277,0.02155958382494905,0.011262469162286818,105
8,3662,SUNBEAM CORP/FL/,199903,1999-03-31,NT 10-K,edgar/data/3662/0000950172-99-000362.txt,0,6,-0.9999998333333611,24,0.34408602150537637,9.737634408602151,192,558,8,3,0.0,0.010752688172043012,0.014336917562724014,0.005376344086021506,3
9,3662,SUNBEAM CORP/FL/,199905,1999-05-11,10-K,edgar/data/3662/0000950170-99-000775.txt,404,1635,-0.6037273170163181,18,0.4502270501291069,7.3800908200516435,20226,44924,666,501,0.008992965897961001,0.03639480010684712,0.014825037841688184,0.011152168106134806,501
10,3662,SUNBEAM CORP/FL/,199905,1999-05-17,NT 10-Q,edgar/data/3662/0000950172-99-000584.txt,0,6,-0.9999998333333611,25,0.35304659498207885,10.141218637992832,197,558,13,3,0.0,0.010752688172043012,0.023297491039426525,0.005376344086021506,3
11,3662,SUNBEAM CORP/FL/,199906,1999-06-11,10-Q,edgar/data/3662/0000950170-99-001005.txt,67,378,-0.6988764029238732,19,0.43430232558139537,7.7737209302325585,3735,8600,204,82,0.007790697674418604,0.04395348837209302,0.02372093023255814,0.009534883720930233,82
12,3662,SUNBEAM CORP/FL/,199908,1999-08-16,NT 10-Q,edgar/data/3662/0000950172-99-001074.txt,0,5,-0.99999980000004,26,0.3359073359073359,10.534362934362935,174,518,7,3,0.0,0.009652509652509652,0.013513513513513514,0.005791505791505791,3
13,3662,SUNBEAM CORP/FL/,199908,1999-08-19,10-Q,edgar/data/3662/0000950170-99-001361.txt,140,539,-0.5876288651139486,18,0.43583099402576836,7.374332397610307,6055,13893,312,150,0.01007701720290794,0.038796516231195566,0.022457352623623406,0.010796804145972791,150
14,3662,SUNBEAM CORP/FL/,199911,1999-11-08,10-K/A,edgar/data/3662/0000889812-99-003241.txt,268,1297,-0.6575079868003143,18,0.44483481444303385,7.377933925777214,15067,33871,664,336,0.007912373416787221,0.03829234448348144,0.019603790853532522,0.00991999055238995,336
15,3662,SUNBEAM CORP/FL/,199911,1999-11-08,10-Q/A,edgar/data/3662/0000950170-99-001639.txt,145,671,-0.6446078423472943,18,0.43829987875522025,7.375319951502089,6507,14846,342,168,0.009766940590057928,0.04519735955813014,0.023036508150343527,0.011316179442274013,168
16,3662,SUNBEAM CORP/FL/,199911,1999-11-08,10-Q/A,edgar/data/3662/0000950170-99-001640.txt,108,654,-0.716535432130531,18,0.43850347248151744,7.375401388992607,5872,13391,316,156,0.00806511836307968,0.04883877230976029,0.023597938914196103,0.011649615413337316,156
17,3662,SUNBEAM CORP/FL/,199911,1999-11-15,NT 10-Q,edgar/data/3662/0000950172-99-001626.txt,1,3,-0.49999987500003124,24,0.3442622950819672,9.737704918032788,168,488,5,3,0.0020491803278688526,0.006147540983606557,0.010245901639344262,0.006147540983606557,3
18,3662,SUNBEAM CORP/FL/,199911,1999-11-19,10-Q,edgar/data/3662/0000950170-99-001856.txt,159,902,-0.7002827514606194,18,0.4437716262975779,7.377508650519032,8208,18496,420,194,0.008596453287197232,0.04876730103806228,0.022707612456747406,0.010488754325259515,194
19,3982,ALLIS CHALMERS ENERGY INC.,200603,2006-03-22,10-K,edgar/data/3982/0000950129-06-002926.txt,341,1262,-0.5745477226609184,18,0.42448388265121334,7.369793553060486,16408,38654,639,523,0.008821855435401251,0.03264862627412428,0.016531277487452787,0.013530294406788431,523
20,3982,ALLIS CHALMERS ENERGY INC.,200605,2006-05-01,10-K/A,edgar/data/3982/0000950129-06-004690.txt,28,40,-0.17647058564013846,16,0.4351725482550205,6.574069019302009,2232,5129,46,15,0.00545915383115617,0.007798791187365958,0.008968609865470852,0.002924546695262234,15
21,3982,ALLIS CHALMERS ENERGY INC.,200605,2006-05-10,10-Q,edgar/data/3982/0000950129-06-005244.txt,193,1072,-0.6948616595297535,24,0.4124414283406043,9.764976571336241,12763,30945,325,651,0.006236871869445791,0.03464210696396833,0.010502504443367264,0.02103732428502181,651
22,3982,ALLIS CHALMERS ENERGY INC.,200607,2006-07-24,10-K/A,edgar/data/3982/0000950129-06-007243.txt,57,192,-0.542168672521411,16,0.41554763862245364,6.566219055448982,4549,10947,163,74,0.005206906001644286,0.017539051795012334,0.014889924180140677,0.00675984287932767,74
23,3982,ALLIS CHALMERS ENERGY INC.,200607,2006-07-24,10-Q/A,edgar/data/3982/0000950129-06-007244.txt,29,116,-0.599999995862069,15,0.4107813917325385,6.164312556693016,3170,7717,97,63,0.00375793702215887,0.01503174808863548,0.012569651418945185,0.008163794220552028,63
24,3982,ALLIS CHALMERS ENERGY INC.,200608,2006-08-14,10-Q,edgar/data/3982/0000950129-06-007871.txt,55,101,-0.29487179298159105,16,0.41296493092454833,6.56518597236982,3886,9410,140,67,0.005844845908607864,0.01073326248671626,0.01487778958554729,0.0071200850159404885,67
25,3982,ALLIS CHALMERS ENERGY INC.,200611,2006-11-08,10-Q,edgar/data/3982/0000950129-06-009522.txt,103,235,-0.3905325432232765,17,0.43100415733930286,6.972401662935721,5391,12508,264,112,0.008234729772945315,0.018787975695554845,0.02110649184521906,0.008954269267668692,112
26,3982,ALLIS CHALMERS ENERGY INC.,200612,2006-12-29,10-Q/A,edgar/data/3982/0000950134-06-023819.txt,232,742,-0.523613962501423,14,0.36578015286149257,5.7463120611445975,11773,32186,261,374,0.007208102901882806,0.023053501522401043,0.008109115764618157,0.01161995898838004,374
27,3982,ALLIS CHALMERS ENERGY INC.,200703,2007-03-15,10-K,edgar/data/3982/0000950129-07-001381.txt,283,714,-0.4322968902384184,16,0.4252351927918378,6.570094077116735,12837,30188,710,271,0.009374585928183384,0.023651782165098716,0.023519279183781636,0.008977076984232146,271
28,3982,ALLIS CHALMERS ENERGY INC.,200705,2007-05-10,10-Q,edgar/data/3982/0000950129-07-002432.txt,381,1645,-0.6238894370069648,25,0.437908251370223,10.17516330054809,23330,53276,540,1301,0.007151437795630302,0.030876942713416924,0.010135896088294917,0.024420001501614236,1301
29,3982,ALLIS CHALMERS ENERGY INC.,200708,2007-08-09,10-Q,edgar/data/3982/0000950129-07-003918.txt,64,127,-0.32984293021024647,17,0.4118778038880581,6.964751121555223,3856,9362,122,66,0.006836146122623371,0.013565477462080752,0.013031403546250802,0.007049775688955351,66
30,3982,ALLIS CHALMERS ENERGY INC.,200711,2007-11-06,10-Q,edgar/data/3982/0000950129-07-005361.txt,169,366,-0.36822429837715087,18,0.43827756632392206,7.37531102652957,7715,17603,201,167,0.009600636255183776,0.020791910469806284,0.01141850820882804,0.009487019258081009,167
31,3982,ALLIS CHALMERS ENERGY INC.,200803,2008-03-07,10-K,edgar/data/3982/0000950129-08-001569.txt,300,676,-0.3852459012446251,16,0.4203683989806123,6.5681473595922455,13031,30999,742,300,0.009677731539727088,0.021807155069518372,0.02393625600825833,0.009677731539727088,300
32,3982,ALLIS CHALMERS ENERGY INC.,200804,2008-04-29,10-K/A,edgar/data/3982/0000950129-08-002507.txt,103,164,-0.22846441861998346,18,0.4504761904761905,7.380190476190477,5203,11550,78,94,0.008917748917748918,0.014199134199134199,0.006753246753246753,0.00813852813852814,94
33,4447,AMERADA HESS CORP,200311,2003-11-12,10-Q,edgar/data/4447/0000950123-03-012528.txt,51,178,-0.5545851504166588,17,0.42233598275629797,6.968934393102519,3135,7423,95,85,0.006870537518523508,0.023979523103866363,0.012798060083524182,0.011450895864205847,85
34,4447,AMERADA HESS CORP,200403,2004-03-12,10-K,edgar/data/4447/0000950123-04-003250.txt,180,454,-0.4321766554697529,13,0.2599046651558959,5.303961866062359,9978,38391,322,277,0.004688598890364929,0.011825688312364878,0.008387382459430597,0.007215232736839363,277
35,4447,AMERADA HESS CORP,200403,2004-03-15,10-K/A,edgar/data/4447/0000950123-04-003322.txt,24,36,-0.19999999666666674,16,0.4069818824569156,6.562792752982766,921,2263,18,34,0.010605391073795847,0.015908086610693768,0.007954043305346884,0.015024304021210782,34
36,4447,AMERADA HESS CORP,200405,2004-05-07,10-Q,edgar/data/4447/0000950123-04-005950.txt,33,93,-0.4761904724111867,17,0.41397228637413397,6.965588914549653,2151,5196,58,41,0.006351039260969977,0.01789838337182448,0.011162432640492687,0.007890685142417244,41
37,4447,AMERADA HESS CORP,200408,2004-08-06,10-Q,edgar/data/4447/0000950123-04-009350.txt,40,132,-0.5348837178204435,18,0.4076187279744924,7.363047491189796,2429,5959,63,41,0.006712535660345695,0.022151367679140794,0.010572243665044471,0.006880349051854338,41
38,4447,AMERADA HESS CORP,200411,2004-11-05,10-Q,edgar/data/4447/0000950123-04-013054.txt,61,204,-0.5396226394731222,21,0.40398221144127755,8.56159288457651,3997,9894,96,114,0.006165352739033758,0.020618556701030927,0.009702850212249849,0.011522134627046696,114
39,4447,AMERADA HESS CORP,200503,2005-03-14,10-K,edgar/data/4447/0000950123-05-003078.txt,393,1242,-0.5192660547282776,20,0.4268303857784294,8.170732154311372,23290,54565,709,1071,0.007202419133143957,0.022761843672683954,0.012993677265646477,0.01962796664528544,1071
40,4447,AMERADA HESS CORP,200505,2005-05-06,10-Q,edgar/data/4447/0000950123-05-005767.txt,33,82,-0.4260869528166352,19,0.40897435897435896,7.763589743589744,2233,5460,53,37,0.006043956043956044,0.015018315018315019,0.009706959706959707,0.006776556776556777,37
41,4447,AMERADA HESS CORP,200508,2005-08-05,10-Q,edgar/data/4447/0000950123-05-009475.txt,43,137,-0.5222222193209877,19,0.4076473376520777,7.763058935060832,2580,6329,59,44,0.006794122294201296,0.02164638963501343,0.009322167799020382,0.006952125138252488,44
42,4447,AMERADA HESS CORP,200511,2005-11-07,10-Q,edgar/data/4447/0000950123-05-013153.txt,37,93,-0.43076922745562135,20,0.42201834862385323,8.168807339449542,2530,5995,53,42,0.006171809841534612,0.015512927439532944,0.00884070058381985,0.007005838198498749,42
43,4457,AMERCO /NV/,199911,1999-11-08,10-Q,edgar/data/4457/0000004457-99-000043.txt,26,102,-0.5937499953613282,16,0.4359750967524819,6.574390038700994,2591,5943,51,31,0.004374894834258792,0.017163048965169108,0.008581524482584554,0.005216220763923944,31
44,4457,AMERCO /NV/,200002,2000-02-10,10-Q,edgar/data/4457/0000004457-00-000018.txt,27,99,-0.5714285668934241,15,0.4467140319715808,6.178685612788633,2515,5630,46,34,0.0047957371225577266,0.01758436944937833,0.008170515097690942,0.006039076376554174,34
45,4457,AMERCO /NV/,200006,2000-06-29,10-K,edgar/data/4457/0000004457-00-000067.txt,479,1153,-0.4129901958253736,17,0.439506071881261,6.975802428752505,21498,48914,576,463,0.009792697387251094,0.023571983481211922,0.011775769718281065,0.009465592672854397,463
46,4457,AMERCO /NV/,200008,2000-08-11,10-Q,edgar/data/4457/0000004457-00-000080.txt,20,63,-0.5180722829147918,17,0.4319045035268584,6.972761801410744,1592,3686,30,23,0.005425935973955507,0.01709169831795985,0.008138903960933261,0.006239826370048833,23
47,4457,AMERCO /NV/,200011,2000-11-13,10-Q,edgar/data/4457/0000004457-00-000105.txt,66,243,-0.5728155321268106,16,0.41975064318226796,6.567900257272908,4242,10106,98,79,0.0065307737977439145,0.02404512170987532,0.009697209578468237,0.00781713833366317,79
48,4457,AMERCO /NV/,200102,2001-02-14,10-Q,edgar/data/4457/0000004457-01-500024.txt,54,233,-0.6236933776177931,15,0.4283525807211878,6.171341032288475,3635,8486,81,55,0.006363422106999765,0.027456987980202685,0.009545133160499647,0.00648126325712939,55
49,4457,AMERCO /NV/,200107,2001-07-02,10-K,edgar/data/4457/0000004457-01-500063.txt,117,409,-0.5551330787925227,16,0.42279559983873755,6.569118239935495,7341,17363,205,121,0.006738466854806197,0.02355583712492081,0.011806715429361285,0.006968841790013247,121
50,4457,AMERCO /NV/,200107,2001-07-02,NT 10-K,edgar/data/4457/0000004457-01-500060.txt,0,10,-0.99999990000001,22,0.3493761140819964,8.939750445632798,196,561,6,5,0.0,0.017825311942959002,0.0106951871657754,0.008912655971479501,5
51,4457,AMERCO /NV/,200108,2001-08-10,10-Q,edgar/data/4457/0000004457-01-500081.txt,14,48,-0.5483870879292405,15,0.4422262552934059,6.176890502117363,1462,3306,40,27,0.004234724742891712,0.014519056261343012,0.012099213551119177,0.008166969147005444,27
52,4457,AMERCO /NV/,200108,2001-08-10,10-Q/A,edgar/data/4457/0000004457-01-500083.txt,20,136,-0.7435897388231427,15,0.4477282752536392,6.179091310101456,2030,4534,38,19,0.004411116012351125,0.02999558888398765,0.008381120423467137,0.0041905602117335685,19
53,4515,AMERICAN AIRLINES INC,200810,2008-10-16,10-Q,edgar/data/4515/0000004515-08-000073.txt,128,780,-0.7180616732179937,18,0.5093214019388516,7.403728560775541,8879,17433,308,274,0.00734239660414157,0.0447427293064877,0.017667641828715653,0.01571731773074055,274
54,4515,AMERICAN AIRLINES INC,200902,2009-02-19,10-K,edgar/data/4515/0000004515-09-000008.txt,692,2587,-0.57792009741448,15,0.5120743473325766,6.204829738933031,36091,70480,847,789,0.00981838819523269,0.03670544835414302,0.012017593643586833,0.01119466515323496,789
55,4515,AMERICAN AIRLINES INC,200904,2009-04-16,10-Q,edgar/data/4515/0000004515-09-000018.txt,81,417,-0.674698793825906,21,0.42401235362244244,8.569604941448977,3295,7771,161,105,0.0104233689357869,0.053661047484236266,0.02071805430446532,0.013511774546390427,105
56,4515,AMERICAN AIRLINES INC,200907,2009-07-15,10-Q,edgar/data/4515/0000004515-09-000029.txt,233,993,-0.6199021202121515,21,0.4485284667780491,8.57941138671122,10470,23343,465,379,0.009981579060103671,0.04253951934198689,0.0199203187250996,0.01623613074583387,379
57,4515,AMERICAN AIRLINES INC,200910,2009-10-21,10-Q,edgar/data/4515/0000004515-09-000039.txt,142,626,-0.6302083325127495,19,0.4501182804470185,7.780047312178808,5518,12259,299,174,0.011583326535606493,0.051064524023166656,0.024390243902439025,0.014193653642222042,174
58,4515,AMERICAN AIRLINES INC,200911,2009-11-06,10-Q/A,edgar/data/4515/0000004515-09-000041.txt,4,78,-0.9024390133848901,21,0.5529891304347826,8.621195652173913,1221,2208,17,30,0.0018115942028985507,0.035326086956521736,0.007699275362318841,0.01358695652173913,30
59,4515,AMERICAN AIRLINES INC,201002,2010-02-17,10-K,edgar/data/4515/0000004515-10-000006.txt,333,976,-0.4912146673099964,17,0.4534581195345812,6.981383247813833,12549,27674,577,363,0.012032955120329552,0.035267760352677605,0.02084989520849895,0.013117005131170052,363
60,4515,AMERICAN AIRLINES INC,201004,2010-04-21,10-Q,edgar/data/4515/0000004515-10-000016.txt,89,398,-0.634496918614996,20,0.43045112781954886,8.17218045112782,3435,7980,145,94,0.011152882205513784,0.04987468671679198,0.018170426065162906,0.011779448621553884,94
61,4515,AMERICAN AIRLINES INC,201007,2010-07-21,10-Q,edgar/data/4515/0000950123-10-066865.txt,184,4344,-0.9187279149914469,24,0.2083493487080931,9.683339739483237,19514,93660,372,278,0.001964552637198377,0.04638052530429212,0.0039718129404228055,0.0029681827888105917,278
62,4515,AMERICAN AIRLINES INC,201010,2010-10-20,10-Q,edgar/data/4515/0000950123-10-094615.txt,178,4134,-0.9174397029412245,45,0.2352149823871984,18.09408599295488,13288,56493,302,243,0.0031508328465473597,0.0731772077956561,0.005345795054254509,0.0043014178747809466,243
63,4962,AMERICAN EXPRESS CO,201404,2014-04-29,10-Q,edgar/data/4962/0001193125-14-167067.txt,3489,2233,0.2195036700070773,68,0.05976470506985642,27.223905882027942,34615,579188,711,665,0.006023950772460755,0.003855397556579211,0.0012275806819202054,0.001148159146943652,665
64,4962,AMERICAN EXPRESS CO,201407,2014-07-30,10-Q,edgar/data/4962/0001193125-14-286961.txt,3746,2366,0.2257853402771948,70,0.052358064787645014,28.020943225915058,36079,689082,740,633,0.00543621804081372,0.003433553626418917,0.0010738925120667786,0.0009186134596463121,633
65,5588,AMERICAN PAD & PAPER CO,199611,1996-11-06,10-Q,edgar/data/5588/0000930661-96-001510.txt,23,82,-0.5619047565532881,21,0.4184935967006729,8.56739743868027,1928,4607,54,25,0.004992402865205123,0.017799001519426958,0.01172129368352507,0.005426524853483829,25
66,5588,AMERICAN PAD & PAPER CO,199703,1997-03-31,10-K,edgar/data/5588/0000950134-97-002428.txt,346,837,-0.41504649161872653,18,0.42426789496688294,7.369707157986753,12619,29743,350,358,0.011632989274787345,0.02814107521097401,0.011767474699929396,0.012036445550213496,358
67,5588,AMERICAN PAD & PAPER CO,199705,1997-05-15,10-Q,edgar/data/5588/0000950134-97-003934.txt,24,25,-0.020408162848813003,22,0.4031456953642384,8.961258278145696,1461,3624,59,16,0.006622516556291391,0.006898454746136865,0.016280353200883002,0.004415011037527594,16
68,5588,AMERICAN PAD & PAPER CO,199708,1997-08-14,10-Q,edgar/data/5588/0000950134-97-006223.txt,67,164,-0.4199134180956129,24,0.432577485576278,9.773030994230512,3224,7453,100,57,0.0089896685898296,0.022004561921373945,0.013417415805715819,0.007647927009258017,57
69,5588,AMERICAN PAD & PAPER CO,199711,1997-11-14,10-Q,edgar/data/5588/0000950134-97-008577.txt,19,28,-0.19148935762788602,23,0.4302480661509736,9.37209922646039,1613,3749,60,20,0.005068018138170179,0.007468658308882369,0.016004267804747934,0.005334755934915978,20
70,5588,AMERICAN PAD & PAPER CO,199803,1998-03-27,10-K,edgar/data/5588/0000950134-98-002477.txt,191,300,-0.2219959262281142,18,0.42070158102766797,7.368280632411068,8515,20240,256,141,0.009436758893280632,0.014822134387351778,0.012648221343873518,0.006966403162055336,141
71,5588,AMERICAN PAD & PAPER CO,199805,1998-05-14,10-Q,edgar/data/5588/0000950134-98-004241.txt,22,31,-0.16981131755072987,21,0.3987303506650544,8.559492140266022,1319,3308,50,19,0.006650544135429262,0.009371221281741234,0.015114873035066506,0.005743651753325272,19
72,5588,AMERICAN PAD & PAPER CO,199808,1998-08-14,10-Q,edgar/data/5588/0000950134-98-006988.txt,73,178,-0.41832669156045144,20,0.3972141091889463,8.15888564367558,3536,8902,87,78,0.00820040440350483,0.01999550662772411,0.009773084700067401,0.008762075937991463,78
73,5588,AMERICAN PAD & PAPER CO,199811,1998-11-13,10-Q,edgar/data/5588/0000005588-98-000008.txt,73,190,-0.4448669184605821,21,0.4235519846504377,8.569420793860175,3532,8339,114,86,0.008754047247871448,0.02278450653555582,0.013670703921333493,0.010312987168725267,86
74,5588,AMERICAN PAD & PAPER CO,199811,1998-11-16,10-Q/A,edgar/data/5588/0000005588-98-000010.txt,0,2,-0.99999950000025,57,0.3489736070381232,22.93958944281525,119,341,2,5,0.0,0.005865102639296188,0.005865102639296188,0.01466275659824047,5
75,5907,AT&T CORP,199908,1999-08-13,10-Q,edgar/data/5907/0000005907-99-000027.txt,235,439,-0.3026706226963344,21,0.3723835495283019,8.54895341981132,10105,27136,314,179,0.00866008254716981,0.016177771226415096,0.011571344339622642,0.006596403301886792,179
76,5907,AT&T CORP,199911,1999-11-15,10-Q,edgar/data/5907/0000005907-99-000037.txt,255,435,-0.26086956483931945,21,0.38335755813953487,8.553343023255815,10550,27520,324,176,0.009265988372093024,0.015806686046511628,0.011773255813953488,0.006395348837209302,176
77,5907,AT&T CORP,200003,2000-03-27,10-K,edgar/data/5907/0000005907-00-000014.txt,557,675,-0.0957792207014779,19,0.4203361150636465,7.76813444602546,21860,52006,682,504,0.010710302657385685,0.012979271622505095,0.01311387147636811,0.009691189478137139,504
78,5907,AT&T CORP,200005,2000-05-15,10-Q,edgar/data/5907/0000005907-00-000025.txt,108,169,-0.22021660570318916,20,0.3963291472732063,8.158531658909283,4513,11387,136,56,0.009484499868270836,0.014841485904979362,0.011943444278563274,0.004917888820584877,56
79,5907,AT&T CORP,200008,2000-08-14,10-Q,edgar/data/5907/0000005907-00-000031.txt,184,240,-0.13207547138661446,19,0.4006610545886485,7.76026442183546,7758,19363,218,94,0.009502659711821515,0.012394773537158498,0.01125858596291897,0.004854619635387078,94
80,5907,AT&T CORP,200011,2000-11-14,10-Q,edgar/data/5907/0000005907-00-000038.txt,201,317,-0.22393822350591078,19,0.4180507677843936,7.7672203071137575,9338,22337,282,110,0.008998522630612885,0.01419169987017057,0.012624792944441958,0.004924564623718494,110
81,5907,AT&T CORP,200101,2001-01-26,10-K/A,edgar/data/5907/0000005907-01-000002.txt,243,417,-0.2636363632369146,15,0.43127682403433476,6.172510729613734,8039,18640,259,106,0.013036480686695278,0.022371244635193133,0.013894849785407726,0.005686695278969957,106
82,5907,AT&T CORP,200104,2001-04-02,10-K405,edgar/data/5907/0000005907-01-000012.txt,1188,2206,-0.29994107239247464,21,0.411692828273334,8.564677131309335,48180,117029,1800,1030,0.010151330012219193,0.01885002862538345,0.01538080304881696,0.008801237300156372,1030
83,5907,AT&T CORP,200104,2001-04-17,10-K405/A,edgar/data/5907/0000005907-01-000015.txt,1188,2217,-0.30220264308305356,21,0.4115054393518636,8.564602175740745,48456,117753,1819,1032,0.01008891493210364,0.018827545795011592,0.015447589445704143,0.008764107920817304,1032
84,5907,AT&T CORP,200105,2001-05-15,10-Q,edgar/data/5907/0000950123-01-502538.txt,204,464,-0.38922155630356053,20,0.4114012686382733,8.16456050745531,9988,24278,338,164,0.00840266908312052,0.019111953208666283,0.01392206936320949,0.006755086909959634,164
85,5907,AT&T CORP,200107,2001-07-03,10-Q/A,edgar/data/5907/0000950123-01-504075.txt,206,472,-0.3923303829021676,20,0.4114542851298834,8.164581714051954,10058,24445,336,165,0.008427081202699938,0.01930865207608918,0.013745142155860094,0.006749846594395582,165
86,5907,AT&T CORP,200108,2001-08-10,10-Q/A,edgar/data/5907/0000950123-01-505366.txt,145,375,-0.4423076914571006,20,0.41792823936106804,8.167171295744428,7012,16778,243,92,0.008642269638812731,0.022350697341757063,0.014483251877458577,0.005483371081177733,92
87,5907,AT&T CORP,200108,2001-08-14,10-Q,edgar/data/5907/0000950123-01-505598.txt,146,469,-0.5252032511785313,20,0.41659214418380686,8.166636857673522,6056,14537,221,80,0.010043337690032331,0.03226250257962441,0.015202586503405105,0.005503198734264291,80
88,6071,AMES DEPARTMENT STORES INC,199809,1998-09-02,10-Q,edgar/data/6071/0000006071-98-000023.txt,12,24,-0.33333332407407434,21,0.40818759936406995,8.563275039745628,1027,2516,19,16,0.0047694753577106515,0.009538950715421303,0.007551669316375199,0.006359300476947536,16
89,6071,AMES DEPARTMENT STORES INC,199812,1998-12-10,10-Q,edgar/data/6071/0000006071-98-000026.txt,13,34,-0.44680850113173404,21,0.4108053007135576,8.564322120285423,1209,2943,21,20,0.004417261297995243,0.011552837240910635,0.007135575942915392,0.0067957866123003734,20
90,6071,AMES DEPARTMENT STORES INC,199904,1999-04-05,10-K,edgar/data/6071/0000889812-99-001116.txt,186,395,-0.35972461211751355,17,0.4083072944725784,6.963322917789032,7579,18562,248,106,0.01002047193190389,0.021280034479043208,0.01336062924253852,0.005710591531085012,106
91,6071,AMES DEPARTMENT STORES INC,199906,1999-06-15,10-Q,edgar/data/6071/0000006071-99-000013.txt,18,66,-0.5714285646258505,19,0.3732692851087878,7.749307714043515,1321,3539,103,26,0.005086182537439954,0.01864933597061317,0.02910426674201752,0.00734670810963549,26
92,6071,AMES DEPARTMENT STORES INC,199909,1999-09-14,10-Q,edgar/data/6071/0000006071-99-000015.txt,62,182,-0.4918032766729374,18,0.43249097472924186,7.372996389891696,3594,8310,147,67,0.007460890493381468,0.02190132370637786,0.01768953068592058,0.00806257521058965,67
93,6071,AMES DEPARTMENT STORES INC,199912,1999-12-14,10-Q,edgar/data/6071/0000006071-99-000017.txt,34,81,-0.4086956486200378,20,0.39495481927710846,8.157981927710843,2098,5312,46,31,0.006400602409638554,0.015248493975903615,0.008659638554216868,0.005835843373493976,31
94,6071,AMES DEPARTMENT STORES INC,200004,2000-04-11,10-K,edgar/data/6071/0000006071-00-000002.txt,175,325,-0.2999999994,16,0.4044524514219534,6.5617809805687815,6286,15542,201,97,0.011259812121992022,0.02091107965512804,0.012932698494402265,0.006241153004761292,97
95,6071,AMES DEPARTMENT STORES INC,200006,2000-06-13,10-Q,edgar/data/6071/0000006071-00-000011.txt,16,62,-0.5897435821827746,19,0.37382039573820397,7.7495281582952815,1228,3285,73,25,0.004870624048706241,0.018873668188736682,0.022222222222222223,0.0076103500761035,25
96,6201,AMR CORP,199908,1999-08-16,10-Q,edgar/data/6201/0000006201-99-000023.txt,28,195,-0.7488789204086147,18,0.4232234553586218,7.369289382143449,2555,6037,95,41,0.004638065264204075,0.032300811661421236,0.015736292860692398,0.006791452708298824,41
97,6201,AMR CORP,199911,1999-11-05,10-Q,edgar/data/6201/0000006201-99-000028.txt,29,174,-0.7142857107670655,18,0.434294334562521,7.373717733825008,2591,5966,100,42,0.004860878310425746,0.029165269862554476,0.016761649346295676,0.007039892725444184,42
98,6201,AMR CORP,200003,2000-03-27,10-K405,edgar/data/6201/0000950134-00-002454.txt,364,1011,-0.4705454542032396,21,0.4466082525155352,8.578643301006215,17177,38461,629,401,0.00946413249785497,0.026286368009152128,0.01635422895920543,0.010426145966043524,401
99,6201,AMR CORP,200005,2000-05-11,10-Q,edgar/data/6201/0000006201-00-000009.txt,19,139,-0.759493666079154,18,0.42270330280321955,7.369081321121289,1523,3603,52,36,0.00527338329170136,0.038578961976131004,0.014432417429919511,0.009991673605328892,36
100,6201,AMR CORP,200007,2000-07-28,10-Q,edgar/data/6201/0000950134-00-006067.txt,32,154,-0.6559139749682045,18,0.4181486548107615,7.367259461924305,1834,4386,67,34,0.00729594163246694,0.03511171910624715,0.015275877792977656,0.007751937984496124,34
101,6201,AMR CORP,200010,2000-10-26,10-Q,edgar/data/6201/0000006201-00-000017.txt,33,166,-0.6683417051842125,18,0.4296821404070432,7.371872856162817,1879,4373,71,34,0.007546306883146581,0.03796021038188886,0.016235993597072947,0.007774982849302539,34
102,6201,AMR CORP,200103,2001-03-22,10-K405,edgar/data/6201/0000950134-01-002483.txt,789,3061,-0.5901298699765897,24,0.43806757071418273,9.775227028285673,39508,90187,1163,1492,0.008748489250113652,0.03394059010722166,0.012895428387683368,0.01654340426003748,1492
103,6201,AMR CORP,200104,2001-04-24,10-Q,edgar/data/6201/0000950134-01-500665.txt,26,125,-0.6556291347309329,18,0.4264919941775837,7.370596797671034,1758,4122,77,44,0.006307617661329452,0.03032508491023775,0.018680252304706452,0.010674429888403688,44
104,6201,AMR CORP,200108,2001-08-13,10-Q,edgar/data/6201/0000006201-01-500032.txt,26,161,-0.7219251298292774,19,0.42069472523433193,7.768277890093732,2289,5441,116,45,0.004778533357838633,0.02959014886969307,0.021319610365741593,0.008270538503951479,45
105,6201,AMR CORP,200110,2001-10-25,10-Q,edgar/data/6201/0000006201-01-500047.txt,39,235,-0.7153284645425968,20,0.4430760810071155,8.177230432402848,3238,7308,166,77,0.005336617405582923,0.03215654077723043,0.022714833059660645,0.01053639846743295,77
106,6201,AMR CORP,200202,2002-02-28,10-K405,edgar/data/6201/0000950134-02-001661.txt,193,512,-0.45248226886172727,17,0.4474393530997305,6.978975741239893,8964,20034,424,231,0.009633622841170012,0.02555655385844065,0.021164021164021163,0.011530398322851153,231
107,6201,AMR CORP,200204,2002-04-18,10-Q,edgar/data/6201/0000006201-02-000015.txt,14,122,-0.7941176412197233,18,0.4184008762322015,7.367360350492881,1528,3652,64,40,0.0038335158817086527,0.033406352683461114,0.017524644030668127,0.01095290251916758,40
108,6201,AMR CORP,200207,2002-07-19,10-Q,edgar/data/6201/0000006201-02-000035.txt,79,389,-0.6623931609777924,18,0.42055179023755734,7.368220716095023,6143,14607,245,113,0.005408365851988772,0.02663106729650168,0.01677278017388923,0.0077360169781611554,113
109,6201,AMR CORP,200210,2002-10-18,10-Q,edgar/data/6201/0000006201-02-000052.txt,67,289,-0.6235955038663048,19,0.4375446960667461,7.775017878426699,3671,8390,131,89,0.00798569725864124,0.034445768772348034,0.015613825983313468,0.010607866507747319,89
110,6201,AMR CORP,200210,2002-10-18,10-Q/A,edgar/data/6201/0000950134-02-012680.txt,22,143,-0.7333333288888889,18,0.4250663129973475,7.37002652519894,1923,4524,68,44,0.004862953138815208,0.031609195402298854,0.015030946065428824,0.009725906277630416,44
111,6201,AMR CORP,200210,2002-10-18,10-Q/A,edgar/data/6201/0000950134-02-012682.txt,28,201,-0.7554585119848973,18,0.4138591729203257,7.36554366916813,2592,6263,84,56,0.004470700942040556,0.032093246048219705,0.013412102826121666,0.008941401884081112,56
112,6201,AMR CORP,200304,2003-04-01,NT 10-K,edgar/data/6201/0000006201-03-000012.txt,0,14,-0.9999999285714337,22,0.35181975736568455,8.940727902946275,203,577,8,3,0.0,0.024263431542461005,0.01386481802426343,0.005199306759098787,3
113,6201,AMR CORP,200304,2003-04-15,10-K,edgar/data/6201/0001047469-03-013301.txt,794,1824,-0.3934300991621734,19,0.4440808642252006,7.77763234569008,29721,66927,1073,791,0.011863672359436401,0.027253574790443318,0.01603239350336934,0.011818847400899488,791
114,6201,AMR CORP,200305,2003-05-15,10-Q,edgar/data/6201/0000006201-03-000030.txt,63,304,-0.6566757475294939,18,0.42050936833838215,7.368203747335354,3748,8913,150,114,0.007068327162571525,0.03410748345113879,0.01682935038707506,0.012790306294177045,114
115,6201,AMR CORP,200307,2003-07-18,10-Q,edgar/data/6201/0000006201-03-000045.txt,105,373,-0.560669454893997,19,0.4295825120946067,7.771833004837844,4795,11162,192,162,0.009406916323239563,0.033416950367317684,0.017201218419638058,0.014513528041569612,162
116,6201,AMR CORP,200810,2008-10-16,10-Q,edgar/data/6201/0000006201-08-000060.txt,145,803,-0.6940928262720539,19,0.5010051028297511,7.800402041131901,9720,19401,328,284,0.007473841554559043,0.04138961909179939,0.016906345033761146,0.01463842069996392,284
117,6201,AMR CORP,200902,2009-02-19,10-K,edgar/data/6201/0000006201-09-000009.txt,864,2939,-0.5456218773216877,16,0.4860136784465507,6.594405471378621,44201,90946,1090,1047,0.009500142941965562,0.03231587975282035,0.011985134035581553,0.011512325995645768,1047
118,6201,AMR CORP,200904,2009-04-16,10-Q,edgar/data/6201/0000006201-09-000016.txt,85,435,-0.6730769217825444,21,0.42136081508373346,8.568544326033495,3598,8539,183,114,0.009954327204590701,0.05094273334114065,0.021431080922824686,0.013350509427333412,114
119,6201,AMR CORP,200907,2009-07-15,10-Q,edgar/data/6201/0000006201-09-000029.txt,241,1020,-0.6177636791294498,21,0.4446414896618435,8.577856595864738,11032,24811,490,391,0.009713433557696183,0.04111079763008343,0.01974930474386361,0.015759139091531982,391
120,6201,AMR CORP,200910,2009-10-21,10-Q,edgar/data/6201/0000006201-09-000038.txt,152,648,-0.619999999225,20,0.44633583381419506,8.178534333525679,6188,13864,324,183,0.010963646855164455,0.0467397576457011,0.02336987882285055,0.013199653779572995,183
121,6201,AMR CORP,200911,2009-11-06,10-Q/A,edgar/data/6201/0000006201-09-000040.txt,4,78,-0.9024390133848901,21,0.5490463215258855,8.619618528610355,1209,2202,17,30,0.0018165304268846503,0.035422343324250684,0.007720254314259764,0.013623978201634877,30
122,6201,AMR CORP,201002,2010-02-17,10-K,edgar/data/6201/0000006201-10-000006.txt,378,1744,-0.6437323276890988,18,0.48818502855648077,7.395274011422592,22395,45874,685,442,0.008239961634041068,0.03801717748615774,0.014932205606661725,0.00963508741334961,442
123,6201,AMR CORP,201004,2010-04-21,10-Q,edgar/data/6201/0000006201-10-000013.txt,90,409,-0.6392785558331091,21,0.4301809900515402,8.572072396020616,3589,8343,151,98,0.010787486515641856,0.04902313316552799,0.018099005154021335,0.011746374205921131,98
124,6201,AMR CORP,201007,2010-07-21,10-Q,edgar/data/6201/0000950123-10-066894.txt,189,4542,-0.9201014582709571,26,0.20147677280567453,10.48059070912227,20792,103198,394,298,0.0018314308416829783,0.04401248086203221,0.0038179034477412352,0.002887652861489564,298
125,6201,AMR CORP,201010,2010-10-20,10-Q,edgar/data/6201/0000950123-10-094605.txt,187,4382,-0.9181440138064906,26,0.25837937833167,10.50335175133267,10615,41083,327,270,0.004551761069055327,0.10666212301925371,0.007959496628775892,0.006572061436603948,270
126,6260,ANACOMP INC,199402,1994-02-14,10-Q,edgar/data/6260/0000006260-94-000014.txt,8,14,-0.27272726033057904,16,0.4376321353065539,6.575052854122622,828,1892,11,7,0.004228329809725159,0.007399577167019027,0.005813953488372093,0.0036997885835095136,7
127,6260,ANACOMP INC,199405,1994-05-12,10-Q,edgar/data/6260/0000006260-94-000016.txt,8,14,-0.27272726033057904,14,0.403630539241858,5.761452215696743,756,1873,15,7,0.004271222637479978,0.007474639615589963,0.00800854244527496,0.0037373198077949813,7
128,6260,ANACOMP INC,199712,1997-12-29,10-K,edgar/data/6260/0000006260-97-000011.txt,173,443,-0.4383116876001434,18,0.4528918173114828,7.381156726924593,8042,17757,239,168,0.009742636706650898,0.02494790786731993,0.013459480768147772,0.009461057611082953,168
129,6260,ANACOMP INC,199802,1998-02-17,10-Q,edgar/data/6260/0000006260-98-000001.txt,36,167,-0.6453201938654177,19,0.4783625730994152,7.791345029239766,2454,5130,38,56,0.007017543859649123,0.032553606237816765,0.007407407407407408,0.01091617933723197,56
130,6260,ANACOMP INC,199805,1998-05-13,10-Q,edgar/data/6260/0000006260-98-000003.txt,32,61,-0.3118279536362586,18,0.36267721727662383,7.34507088691065,1100,3033,33,26,0.010550609957138147,0.020112100230794593,0.010880316518298714,0.008572370590174745,26
131,6260,ANACOMP INC,199808,1998-08-14,10-Q,edgar/data/6260/0000914121-98-000672.txt,33,107,-0.5285714247959185,19,0.3767936665017318,7.750717466600694,1523,4042,48,40,0.008164275111331025,0.026472043542800593,0.011875309252845126,0.009896091044037604,40
132,6260,ANACOMP INC,199812,1998-12-29,10-K405,edgar/data/6260/0001047469-98-045227.txt,169,350,-0.3487475908501973,18,0.43700429860144097,7.374801719440576,7218,16517,253,137,0.010231882303081674,0.021190288793364414,0.015317551613489133,0.008294484470545498,137
133,6260,ANACOMP INC,199902,1999-02-11,10-Q,edgar/data/6260/0000006260-99-000005.txt,17,64,-0.5802469064167048,17,0.42473292327614115,6.969893169310457,1312,3089,66,26,0.005503399158303658,0.020718679184202008,0.02136613790870832,0.008416963418582066,26
134,6260,ANACOMP INC,199905,1999-05-17,10-Q,edgar/data/6260/0000006260-99-000007.txt,70,236,-0.5424836583578966,18,0.421670274581292,7.368668109832517,3701,8777,198,74,0.007975390224450268,0.02688845847100376,0.0225589609205879,0.00843112680870457,74
135,6260,ANACOMP INC,199908,1999-08-13,10-Q,edgar/data/6260/0000006260-99-000010.txt,33,150,-0.6393442588013974,17,0.4014996591683708,6.960599863667349,1767,4401,79,29,0.007498295841854124,0.03408316291751875,0.01795046580322654,0.006589411497386958,29
136,11860,BETHLEHEM STEEL CORP /DE/,199811,1998-11-12,10-Q,edgar/data/11860/0000011860-98-000022.txt,99,246,-0.4260869552867045,23,0.41555891238670695,9.366223564954684,2751,6620,67,36,0.014954682779456193,0.03716012084592145,0.01012084592145015,0.005438066465256798,36
137,11860,BETHLEHEM STEEL CORP /DE/,199903,1999-03-24,10-K405,edgar/data/11860/0001021408-99-000543.txt,417,1040,-0.42759093999479,24,0.39559311801992153,9.758237247207969,19659,49695,547,391,0.008391186236039842,0.020927658718180902,0.011007143575812455,0.00786799476808532,391
138,11860,BETHLEHEM STEEL CORP /DE/,199905,1999-05-14,10-Q,edgar/data/11860/0000011860-99-000025.txt,13,48,-0.5737704823972052,16,0.3990804597701149,6.559632183908047,868,2175,32,8,0.005977011494252874,0.022068965517241378,0.014712643678160919,0.0036781609195402297,8
139,11860,BETHLEHEM STEEL CORP /DE/,199906,1999-06-29,10-K/A,edgar/data/11860/0000011860-99-000030.txt,20,16,0.11111110802469146,22,0.42103293413173654,8.968413173652696,1125,2672,31,14,0.0074850299401197605,0.005988023952095809,0.011601796407185628,0.005239520958083832,14
140,11860,BETHLEHEM STEEL CORP /DE/,199908,1999-08-05,10-Q,edgar/data/11860/0000011860-99-000035.txt,20,67,-0.5402298788479324,17,0.413682092555332,6.9654728370221335,1028,2485,40,11,0.008048289738430584,0.026961770623742453,0.01609657947686117,0.004426559356136821,11
141,11860,BETHLEHEM STEEL CORP /DE/,199911,1999-11-02,10-Q,edgar/data/11860/0000011860-99-000042.txt,71,268,-0.5811209422385814,18,0.4347384927589706,7.373895397103588,4713,10841,211,86,0.006549211327368324,0.024720966700488886,0.01946314915598192,0.007932847523291209,86
142,11860,BETHLEHEM STEEL CORP /DE/,200003,2000-03-09,10-K,edgar/data/11860/0000011860-00-000019.txt,726,1776,-0.4196642684174004,21,0.44105120578665885,8.576420482314665,31585,71613,776,1242,0.010137824138075489,0.024799966486531776,0.010836021392763883,0.017343219806459722,1242
143,11860,BETHLEHEM STEEL CORP /DE/,200005,2000-05-03,10-Q,edgar/data/11860/0000011860-00-000022.txt,17,30,-0.2765957387958354,18,0.4105551747772447,7.364222069910898,599,1459,12,9,0.011651816312542838,0.0205620287868403,0.00822481151473612,0.00616860863605209,9
144,11860,BETHLEHEM STEEL CORP /DE/,200006,2000-06-28,10-K/A,edgar/data/11860/0000011860-00-000025.txt,18,16,0.05882352768166096,19,0.4281585466556565,7.7712634186622624,1037,2422,35,16,0.007431874483897605,0.006606110652353427,0.014450867052023121,0.006606110652353427,16
145,11860,BETHLEHEM STEEL CORP /DE/,200007,2000-07-26,10-Q,edgar/data/11860/0000011860-00-000028.txt,35,30,0.07692307573964499,18,0.41333333333333333,7.365333333333334,744,1800,18,9,0.019444444444444445,0.016666666666666666,0.01,0.005,9
146,11860,BETHLEHEM STEEL CORP /DE/,200010,2000-10-25,10-Q,edgar/data/11860/0000011860-00-000038.txt,25,68,-0.4623655864261765,17,0.41658031088082903,6.966632124352332,804,1930,20,11,0.012953367875647668,0.035233160621761656,0.010362694300518135,0.005699481865284974,11
147,12239,SPHERIX INC,200704,2007-04-02,10-K,edgar/data/12239/0001104659-07-024804.txt,188,257,-0.15505617942684005,15,0.40609008781350686,6.162436035125403,6428,15829,258,146,0.011876934740034114,0.016236022490365785,0.0162991976751532,0.009223576978962663,146
148,12239,SPHERIX INC,200705,2007-05-16,NT 10-Q,edgar/data/12239/0001104659-07-040463.txt,0,6,-0.9999998333333611,28,0.29563492063492064,11.31825396825397,149,504,8,3,0.0,0.011904761904761904,0.015873015873015872,0.005952380952380952,3
149,12239,SPHERIX INC,200705,2007-05-18,10-Q,edgar/data/12239/0001104659-07-041441.txt,19,66,-0.552941169965398,17,0.39252052295530554,6.957008209182122,1291,3289,63,25,0.005776831863788386,0.020066889632107024,0.019154758285193068,0.007601094557616297,25
150,12239,SPHERIX INC,200705,2007-05-23,10-K/A,edgar/data/12239/0001104659-07-042333.txt,189,258,-0.15436241576205276,15,0.40676572873853933,6.162706291495416,6433,15815,258,145,0.011950679734429339,0.016313626304141637,0.016313626304141637,0.009168510907366425,145
151,12239,SPHERIX INC,200708,2007-08-14,10-Q,edgar/data/12239/0001104659-07-062470.txt,29,116,-0.599999995862069,16,0.39710081265099934,6.558840325060401,1808,4553,71,39,0.006369426751592357,0.025477707006369428,0.015594113771139909,0.008565780803865584,39
